<?xml version="1.0" encoding="UTF-8" ?>
<!DOCTYPE configuration PUBLIC "-//mybatis.org//DTD Config 3.0//EN" "http://mybatis.org/dtd/mybatis-3-config.dtd">
<configuration>
<!--    <properties resource="application.properties"></properties>-->
    <typeAliases>
        <typeAlias alias="Integer" type="java.lang.Integer" />
        <typeAlias alias="Long" type="java.lang.Long" />
        <typeAlias alias="HashMap" type="java.util.HashMap" />
        <typeAlias alias="LinkedHashMap" type="java.util.LinkedHashMap" />
        <typeAlias alias="ArrayList" type="java.util.ArrayList" />
        <typeAlias alias="LinkedList" type="java.util.LinkedList" />
        <typeAlias type="com.tongji.meeting.model.EventDetail" alias="EventDetail"/>
        <typeAlias type="com.tongji.meeting.model.Event" alias="Event"/>
        <typeAlias type="com.tongji.meeting.model.UserDetail" alias="UserDetail"/>
    </typeAliases>
</configuration>