<?xml version="1.0" encoding="UTF-8" ?>
<!DOCTYPE mapper PUBLIC "-//mybatis.org//DTD Mapper 3.0//EN" "http://mybatis.org/dtd/mybatis-3-mapper.dtd" >
<mapper namespace="com.tongji.meeting.dao.UserDao" >
    <sql id="BASE_TABLE">
        user
    </sql>

    <sql id="BASE_COLUMN">
        user_id,open_id,email,name
    </sql>

    <resultMap id="userResultMap" type="com.tongji.meeting.model.UserDomain">
        <id property="userid" column="user_id" />
        <result property="openid" column="open_id"/>
        <result property="email" column="email"/>
        <result property="name" column="name"/>
    </resultMap>

    <insert id="insert" parameterType="com.tongji.meeting.model.UserDomain" useGeneratedKeys="true" keyProperty="userid">
        <selectKey keyProperty="userid" resultType="int">
            SELECT LAST_INSERT_ID()
        </selectKey>

        INSERT INTO
        <include refid="BASE_TABLE"/>
        <trim prefix="(" suffix=")" suffixOverrides=",">
            open_id
        </trim>
        <trim prefix="VALUES(" suffix=")" suffixOverrides=",">
            #{openid, jdbcType=VARCHAR}
        </trim>
    </insert>

    <delete id="deleteUserById">
        DELETE FROM
        <include refid="BASE_TABLE"/>
        WHERE
        userid = #{userid, jdbcType=INTEGER}
    </delete>
    <!-- 更新用户信息，为空的字段不进行置空 -->
    <update id="updateUser" parameterType="com.tongji.meeting.model.UserDomain">
        UPDATE
        <include refid="BASE_TABLE"/>
        <set>
            <if test="name != null">
                name = #{name, jdbcType=VARCHAR},
            </if>
        </set>
        <where>
            user_id = #{userid, jdbcType=INTEGER}
        </where>
    </update>

    <select id="selectUsers" resultType="com.tongji.meeting.model.UserDomain">
        SELECT
        <include refid="BASE_COLUMN"/>
        FROM
        <include refid="BASE_TABLE"/>
    </select>

    <select id="selectUsersByOpenid" resultMap="userResultMap">
        SELECT
        <include refid="BASE_COLUMN"/>
        FROM
        <include refid="BASE_TABLE"/>
        <where>
            open_id = #{openid, jdbcType=VARCHAR}
        </where>
    </select>

    <select id="getAllMembers" resultMap="userResultMap">
        SELECT u.user_id,u.name
        FROM user_calendar uc LEFT JOIN user u ON uc.user_id = u.user_id
        WHERE uc.calendar_id=#{calendarId}
    </select>

    <select id="getAllMembersOpenid" resultMap="userResultMap">
        SELECT u.open_id
        FROM user_calendar uc LEFT JOIN user u ON uc.user_id = u.user_id
        WHERE uc.calendar_id=#{calendarId}
    </select>
</mapper>
