<?xml version="1.0" encoding="UTF-8" ?>
<!DOCTYPE mapper PUBLIC "-//mybatis.org//DTD Mapper 3.0//EN" "http://mybatis.org/dtd/mybatis-3-mapper.dtd" >
<mapper namespace="com.tongji.meeting.dao.UserDetailDao" >

    <resultMap id="UserDetail" type="UserDetail">
        <id property="userId" column="user_id" />
        <id property="detailId" column="detail_id"/>
        <result property="permission" column="permission"/>
    </resultMap>

    <select id="retrieveByPK" resultMap="UserDetail">
        select * from user_detail where user_id = #{userId} and detail_id = #{detailId};
    </select>

    <insert id="create" parameterType="UserDetail">
        INSERT INTO user_detail(user_id, detail_id, permission)
        VALUES (#{userId},#{detailId},#{permission})
    </insert>
</mapper>
